Campaign ID,Campaign Name,Ad Set Name,spend,Reach,Impressions,Frequency,"CPM (Cost per 1,000 Impressions)",onsite_conversion.total_messaging_connection,Link Clicks,Landing Page Views,Leads,Adds to Cart,Checkouts Initiated,Purchases,Purchases Conversion Value,3-Second Video Views,Video Watches at 25%,Video Watches at 50%,Video Watches at 75%,Video Watches at 95%,Day
120208563645290115,[ALCANCE][BRANDING][ABERTO][PF],01 - [BRANDING][POS: ABERTO] [PF] [MÊS],0.68,436,452,1.036697,1.504425,0,0,0,0,0,0,1,1,0,7,4,0,0,2024-04-23
120208564282970115,[CONVERSÃO][VENDAS][ABERTO][PF],01 - [TERÇA/FRETE GRÁTIS][POS: ABERTO] [PF] [MÊS],25.31,4960,6262,1.2625,4.04184,0,19,12,0,0,0,3,3,0,128,94,41,20,2024-04-23
120208563645290115,[ALCANCE][BRANDING][ABERTO][PF],01 - [BRANDING][POS: ABERTO] [PF] [MÊS],1.24,992,1002,1.010081,1.237525,0,1,1,0,0,0,0,0,0,18,11,5,1,2024-04-24
120208564282970115,[CONVERSÃO][VENDAS][ABERTO][PF],01 - [TERÇA/FRETE GRÁTIS][POS: ABERTO] [PF] [MÊS],0,0,0,0,0,0,0,1,2,0,0,1,1,0,0,0,0,0,2024-04-24
120208563645290115,[ALCANCE][BRANDING][ABERTO][PF],01 - [BRANDING][POS: ABERTO] [PF] [MÊS],7.1,3615,3745,1.035961,1.895861,0,12,4,0,0,0,0,0,0,111,59,33,12,2024-04-25
120208564282970115,[CONVERSÃO][VENDAS][ABERTO][PF],01 - [POS: ABERTO] [PF] [MÊS] - MVP,5.07,776,949,1.222938,5.342466,0,4,1,0,0,0,0,0,0,10,11,5,2,2024-04-25
120208564282970115,[CONVERSÃO][VENDAS][ABERTO][PF],01 - [QUINTA DO SMASH][POS: ABERTO] [PF] [MÊS],33.09,4997,6699,1.340604,4.939543,0,33,21,1,0,0,2,2,0,0,0,0,0,2024-04-25
120208564282970115,[CONVERSÃO][VENDAS][ABERTO][PF],02 - [QUINTA DO SMASH][POS: ABERTO] [PF] [MÊS],26.27,3916,4895,1.25,5.366701,0,21,20,0,0,0,1,1,0,236,176,112,53,2024-04-25
120208563645290115,[ALCANCE][BRANDING][ABERTO][PF],01 - [BRANDING][POS: ABERTO] [PF] [MÊS],0,0,0,0,0,0,0,0,1,0,0,0,0,0,0,0,0,0,2024-04-26
120208564282970115,[CONVERSÃO][VENDAS][ABERTO][PF],01 - [TERÇA/FRETE GRÁTIS][POS: ABERTO] [PF] [MÊS],0,0,0,0,0,0,0,0,1,0,0,0,0,0,0,0,0,0,2024-04-26
120208564282970115,[CONVERSÃO][VENDAS][ABERTO][PF],01 - [POS: ABERTO] [PF] [MÊS] - MVP,7.83,1553,2297,1.479073,3.408794,0,7,6,8,0,0,5,5,0,31,24,12,7,2024-04-26
120208564282970115,[CONVERSÃO][VENDAS][ABERTO][PF],01 - [QUINTA DO SMASH][POS: ABERTO] [PF] [MÊS],0,0,0,0,0,0,0,1,28,0,0,1,1,0,0,0,0,0,2024-04-26
120208564282970115,[CONVERSÃO][VENDAS][ABERTO][PF],02 - [QUINTA DO SMASH][POS: ABERTO] [PF] [MÊS],0,0,0,0,0,0,0,0,11,0,0,1,1,0,0,0,0,0,2024-04-26
120208564282970115,[CONVERSÃO][VENDAS][ABERTO][PF],01 - [POS: ABERTO] [PF] [MÊS] - MVP,8.67,1871,2904,1.552111,2.985537,0,10,8,0,0,0,4,4,0,2,1,0,0,2024-04-27
120208564282970115,[CONVERSÃO][VENDAS][ABERTO][PF],01 - [TERÇA/FRETE GRÁTIS][POS: ABERTO] [PF] [MÊS],0,0,0,0,0,0,0,0,0,0,0,1,1,0,0,0,0,0,2024-04-28
120208564282970115,[CONVERSÃO][VENDAS][ABERTO][PF],01 - [POS: ABERTO] [PF] [MÊS] - MVP,8.93,2218,3189,1.437782,2.800251,0,8,7,2,0,0,3,3,0,1,1,0,0,2024-04-28
120208564282970115,[CONVERSÃO][VENDAS][ABERTO][PF],01 - [QUINTA DO SMASH][POS: ABERTO] [PF] [MÊS],0,0,0,0,0,0,0,0,0,0,0,0,0,0,0,0,0,0,2024-04-28
120208564282970115,[CONVERSÃO][VENDAS][ABERTO][PF],01 - [TERÇA/FRETE GRÁTIS][POS: ABERTO] [PF] [MÊS],46.07,8175,10337,1.264465,4.456806,0,44,28,4,0,0,1,1,0,686,352,227,149,2024-04-30
120208564282970115,[CONVERSÃO][VENDAS][ABERTO][PF],01 - [POS: ABERTO] [PF] [MÊS] - MVP,6.32,1275,1577,1.236863,4.007609,0,9,7,1,0,0,3,3,0,41,27,13,4,2024-04-30
120208564282970115,[CONVERSÃO][VENDAS][ABERTO][PF],01 - [QUINTA DO SMASH][POS: ABERTO] [PF] [MÊS],0,0,0,0,0,0,0,0,1,0,0,0,0,0,0,0,0,0,2024-04-30
120208771319570115,[CONVERSÃO][REMARKETING][ABERTO][PQ],terça,30.77,5930,7150,1.205734,4.303497,0,25,12,0,0,0,0,0,0,155,85,45,26,2024-04-30
120208564282970115,[CONVERSÃO][VENDAS][ABERTO][PF],01 - [TERÇA/FRETE GRÁTIS][POS: ABERTO] [PF] [MÊS],0,0,0,0,0,0,0,6,0,0,0,1,1,0,0,0,0,0,2024-05-01
120208564282970115,[CONVERSÃO][VENDAS][ABERTO][PF],01 - [POS: ABERTO] [PF] [MÊS] - MVP,8.93,2230,2990,1.340807,2.986622,0,23,19,0,0,0,3,3,0,146,88,46,26,2024-05-01
120208771319570115,[CONVERSÃO][REMARKETING][ABERTO][PQ],terça,0,0,0,0,0,0,0,5,0,0,0,1,1,0,0,0,0,0,2024-05-01
120208563645290115,[ALCANCE][BRANDING][ABERTO][PF],01 - [BRANDING][POS: ABERTO] [PF] [MÊS],7.24,5956,5956,1,1.215581,0,9,6,0,0,0,1,1,0,135,75,46,21,2024-05-02
120208564282970115,[CONVERSÃO][VENDAS][ABERTO][PF],01 - [POS: ABERTO] [PF] [MÊS] - MVP,10.05,1986,2508,1.26284,4.007177,0,10,6,1,0,0,1,1,0,146,92,42,17,2024-05-02
120208564282970115,[CONVERSÃO][VENDAS][ABERTO][PF],01 - [QUINTA DO SMASH][POS: ABERTO] [PF] [MÊS],33.06,6989,9482,1.356703,3.486606,0,32,25,0,0,0,3,3,0,0,0,0,0,2024-05-02
120208563645290115,[ALCANCE][BRANDING][ABERTO][PF],01 - [BRANDING][POS: ABERTO] [PF] [MÊS],1.52,1227,1240,1.010595,1.225806,0,2,1,0,0,0,0,0,0,44,23,10,4,2024-05-03
120208564282970115,[CONVERSÃO][VENDAS][ABERTO][PF],01 - [POS: ABERTO] [PF] [MÊS] - MVP,9.79,2187,2925,1.337449,3.347009,0,13,13,0,0,0,3,3,0,95,63,31,15,2024-05-03
120208564282970115,[CONVERSÃO][VENDAS][ABERTO][PF],01 - [QUINTA DO SMASH][POS: ABERTO] [PF] [MÊS],0,0,0,0,0,0,0,1,1,0,0,1,1,0,0,0,0,0,2024-05-03
120208563645290115,[ALCANCE][BRANDING][ABERTO][PF],01 - [BRANDING][POS: ABERTO] [PF] [MÊS],0,0,0,0,0,0,0,0,1,0,0,0,0,0,0,0,0,0,2024-05-04
120208564282970115,[CONVERSÃO][VENDAS][ABERTO][PF],01 - [TERÇA/FRETE GRÁTIS][POS: ABERTO] [PF] [MÊS],0,0,0,0,0,0,0,0,3,0,0,0,0,0,0,0,0,0,2024-05-04
120208564282970115,[CONVERSÃO][VENDAS][ABERTO][PF],01 - [POS: ABERTO] [PF] [MÊS] - MVP,8.47,1984,2882,1.452621,2.938931,0,10,7,19,0,0,6,6,0,57,42,18,8,2024-05-04
120208564282970115,[CONVERSÃO][VENDAS][ABERTO][PF],01 - [POS: ABERTO] [PF] [MÊS] - MVP,9.12,2383,3052,1.280739,2.988204,0,10,8,0,0,0,5,5,0,147,101,43,26,2024-05-05
120208564282970115,[CONVERSÃO][VENDAS][ABERTO][PF],01 - [POS: ABERTO] [PF] [MÊS] - MVP,0,0,0,0,0,0,0,1,0,0,0,0,0,0,0,0,0,0,2024-05-06
120208564282970115,[CONVERSÃO][VENDAS][ABERTO][PF],01 - [TERÇA/FRETE GRÁTIS][POS: ABERTO] [PF] [MÊS],23.52,5565,7276,1.307457,3.232545,0,23,16,2,0,0,3,3,0,366,206,134,96,2024-05-07
120208564282970115,[CONVERSÃO][VENDAS][ABERTO][PF],01 - [POS: ABERTO] [PF] [MÊS] - MVP,7.11,1861,2200,1.18216,3.231818,0,9,6,2,0,0,0,0,0,77,48,20,12,2024-05-07
120208771319570115,[CONVERSÃO][REMARKETING][ABERTO][PQ],terça,0,0,0,0,0,0,0,0,1,0,0,0,0,0,0,0,0,0,2024-05-07
120208564282970115,[CONVERSÃO][VENDAS][ABERTO][PF],01 - [TERÇA/FRETE GRÁTIS][POS: ABERTO] [PF] [MÊS],0,0,0,0,0,0,0,0,0,0,0,1,1,0,0,0,0,0,2024-05-08
120208564282970115,[CONVERSÃO][VENDAS][ABERTO][PF],01 - [POS: ABERTO] [PF] [MÊS] - MVP,8.66,1557,2249,1.444444,3.8506,0,4,6,1,0,0,1,1,0,10,7,2,0,2024-05-08
120208564282970115,[CONVERSÃO][VENDAS][ABERTO][PF],01 - [POS: ABERTO] [PF] [MÊS] - MVP,10.09,1758,2347,1.33504,4.299105,0,5,5,0,0,0,3,3,0,5,4,4,4,2024-05-09
120208564282970115,[CONVERSÃO][VENDAS][ABERTO][PF],01 - [QUINTA DO SMASH][POS: ABERTO] [PF] [MÊS],33.79,6635,8717,1.313791,3.876334,0,30,18,0,0,0,4,4,0,0,0,0,0,2024-05-09
120208564282970115,[CONVERSÃO][VENDAS][ABERTO][PF],01 - [TERÇA/FRETE GRÁTIS][POS: ABERTO] [PF] [MÊS],0,0,0,0,0,0,0,0,0,0,0,1,1,0,0,0,0,0,2024-05-10
120208564282970115,[CONVERSÃO][VENDAS][ABERTO][PF],01 - [POS: ABERTO] [PF] [MÊS] - MVP,9.47,1531,2132,1.392554,4.441839,0,10,8,0,0,0,7,7,0,73,46,23,7,2024-05-10
120208564282970115,[CONVERSÃO][VENDAS][ABERTO][PF],01 - [QUINTA DO SMASH][POS: ABERTO] [PF] [MÊS],0,0,0,0,0,0,0,2,0,0,0,0,0,0,0,0,0,0,2024-05-10
120208564282970115,[CONVERSÃO][VENDAS][ABERTO][PF],01 - [TERÇA/FRETE GRÁTIS][POS: ABERTO] [PF] [MÊS],0,0,0,0,0,0,0,0,1,0,0,0,0,0,0,0,0,0,2024-05-11
120208564282970115,[CONVERSÃO][VENDAS][ABERTO][PF],01 - [POS: ABERTO] [PF] [MÊS] - MVP,8.74,1381,2213,1.602462,3.94939,0,0,0,10,0,0,6,6,0,18,11,4,0,2024-05-11
120208564282970115,[CONVERSÃO][VENDAS][ABERTO][PF],01 - [QUINTA DO SMASH][POS: ABERTO] [PF] [MÊS],0,0,0,0,0,0,0,0,1,0,0,0,0,0,0,0,0,0,2024-05-11
120208564282970115,[CONVERSÃO][VENDAS][ABERTO][PF],01 - [POS: ABERTO] [PF] [MÊS] - MVP,19.21,5049,6545,1.296296,2.935065,0,19,12,0,0,0,2,2,0,156,91,44,20,2024-05-12
120208564282970115,[CONVERSÃO][VENDAS][ABERTO][PF],02 - [POS: ABERTO] [PF] [MÊS] - TV,23.88,5456,7598,1.392595,3.142932,0,17,12,0,0,0,0,0,0,0,0,0,0,2024-05-12
120208564282970115,[CONVERSÃO][VENDAS][ABERTO][PF],02 - [POS: ABERTO] [PF] [MÊS] - TV,0,0,0,0,0,0,0,1,0,0,0,0,0,0,0,0,0,0,2024-05-13
120208564282970115,[CONVERSÃO][VENDAS][ABERTO][PF],01 - [TERÇA/FRETE GRÁTIS][POS: ABERTO] [PF] [MÊS],45.62,9232,12187,1.320082,3.743333,0,38,29,0,0,0,4,4,0,7,3,2,0,2024-05-14
120208564282970115,[CONVERSÃO][VENDAS][ABERTO][PF],01 - [POS: ABERTO] [PF] [MÊS] - MVP,25.24,4459,5931,1.330119,4.255606,0,28,17,1,0,0,3,3,0,190,113,49,25,2024-05-14
120208564282970115,[CONVERSÃO][VENDAS][ABERTO][PF],01 - [QUINTA DO SMASH][POS: ABERTO] [PF] [MÊS],0,0,0,0,0,0,0,0,0,0,0,0,0,0,0,0,0,0,2024-05-14
120208564282970115,[CONVERSÃO][VENDAS][ABERTO][PF],02 - [POS: ABERTO] [PF] [MÊS] - TV,0.01,1,1,1,10,0,0,0,0,0,0,0,0,0,0,0,0,0,2024-05-14
120209277986490115,[IMPULSIONAR][SEGUDORES][INSTAGRAM],[IMPULSIONAR][SEGUIDORES] - 01,2.32,549,569,1.03643,4.077329,0,16,1,0,0,0,0,0,0,208,131,105,91,2024-05-14
120208564282970115,[CONVERSÃO][VENDAS][ABERTO][PF],01 - [TERÇA/FRETE GRÁTIS][POS: ABERTO] [PF] [MÊS],0,0,0,0,0,0,0,0,0,0,0,2,2,0,0,0,0,0,2024-05-15
120208564282970115,[CONVERSÃO][VENDAS][ABERTO][PF],01 - [POS: ABERTO] [PF] [MÊS] - MVP,28.23,5264,7257,1.378609,3.890037,0,25,17,0,0,0,6,6,0,309,184,80,32,2024-05-15
120209277986490115,[IMPULSIONAR][SEGUDORES][INSTAGRAM],[IMPULSIONAR][SEGUIDORES] - 01,5.84,1322,1395,1.055219,4.18638,0,62,4,0,0,0,0,0,0,487,338,280,248,2024-05-15
120208564282970115,[CONVERSÃO][VENDAS][ABERTO][PF],01 - [TERÇA/FRETE GRÁTIS][POS: ABERTO] [PF] [MÊS],0,0,0,0,0,0,0,1,0,0,0,0,0,0,0,0,0,0,2024-05-16
120208564282970115,[CONVERSÃO][VENDAS][ABERTO][PF],01 - [POS: ABERTO] [PF] [MÊS] - MVP,23.77,4607,6287,1.364662,3.780818,0,19,21,0,0,0,2,2,0,253,179,67,36,2024-05-16
120208564282970115,[CONVERSÃO][VENDAS][ABERTO][PF],01 - [QUINTA DO SMASH][POS: ABERTO] [PF] [MÊS],11,2044,2244,1.097847,4.901961,0,7,5,0,0,0,0,0,0,0,0,0,0,2024-05-16
120209277986490115,[IMPULSIONAR][SEGUDORES][INSTAGRAM],[IMPULSIONAR][SEGUIDORES] - 01,5.81,1556,1609,1.034062,3.610938,0,62,7,0,0,0,0,0,0,582,412,344,306,2024-05-16
120208564282970115,[CONVERSÃO][VENDAS][ABERTO][PF],01 - [TERÇA/FRETE GRÁTIS][POS: ABERTO] [PF] [MÊS],0,0,0,0,0,0,0,0,0,0,0,1,1,0,0,0,0,0,2024-05-17
120208564282970115,[CONVERSÃO][VENDAS][ABERTO][PF],01 - [POS: ABERTO] [PF] [MÊS] - MVP,25.64,4811,7206,1.497818,3.558146,0,18,14,0,0,0,10,10,0,233,153,82,39,2024-05-17
120209277986490115,[IMPULSIONAR][SEGUDORES][INSTAGRAM],[IMPULSIONAR][SEGUIDORES] - 01,5.92,1544,1590,1.029793,3.72327,1,47,0,0,0,0,0,0,0,581,408,348,310,2024-05-17
120208564282970115,[CONVERSÃO][VENDAS][ABERTO][PF],01 - [TERÇA/FRETE GRÁTIS][POS: ABERTO] [PF] [MÊS],0,0,0,0,0,0,0,0,0,0,0,1,1,0,0,0,0,0,2024-05-18
120208564282970115,[CONVERSÃO][VENDAS][ABERTO][PF],01 - [POS: ABERTO] [PF] [MÊS] - MVP,18.34,3895,5441,1.396919,3.370704,0,13,9,9,0,0,4,4,0,160,98,51,26,2024-05-18
120208564282970115,[CONVERSÃO][VENDAS][ABERTO][PF],01 - [QUINTA DO SMASH][POS: ABERTO] [PF] [MÊS],0,0,0,0,0,0,0,0,0,0,0,0,0,0,0,0,0,0,2024-05-18
120209277986490115,[IMPULSIONAR][SEGUDORES][INSTAGRAM],[IMPULSIONAR][SEGUIDORES] - 01,4.43,1150,1170,1.017391,3.786325,2,39,0,1,0,0,0,0,0,417,311,274,254,2024-05-18
120208564282970115,[CONVERSÃO][VENDAS][ABERTO][PF],01 - [POS: ABERTO] [PF] [MÊS] - MVP,17.8,4121,5843,1.41786,3.04638,0,15,12,1,0,0,13,13,0,150,99,37,22,2024-05-19
120208564282970115,[CONVERSÃO][VENDAS][ABERTO][PF],01 - [POS: ABERTO] [PF] [MÊS] - MVP,0,0,0,0,0,0,0,1,0,0,0,0,0,0,0,0,0,0,2024-05-20
120208564282970115,[CONVERSÃO][VENDAS][ABERTO][PF],01 - [TERÇA/FRETE GRÁTIS][POS: ABERTO] [PF] [MÊS],0,0,0,0,0,0,0,0,0,0,0,1,1,0,0,0,0,0,2024-05-21
120208564282970115,[CONVERSÃO][VENDAS][ABERTO][PF],01 - [POS: ABERTO] [PF] [MÊS] - MVP,8.86,1896,2367,1.248418,3.743135,0,7,4,0,0,0,4,4,0,118,72,40,20,2024-05-21
120209569254710115,[IMPULSIONAR][SEGUDORES][INSTAGRAM],[IMPULSIONAR][SEGUIDORES] - 02,0.6,152,157,1.032895,3.821656,0,4,1,0,0,0,0,0,0,57,44,34,31,2024-05-21
120209569254710115,[IMPULSIONAR][SEGUDORES][INSTAGRAM],[IMPULSIONAR][SEGUIDORES] - 02,6.23,1496,1546,1.033422,4.029754,0,48,4,0,0,0,0,0,0,524,355,289,267,2024-05-22
120209569254710115,[IMPULSIONAR][SEGUDORES][INSTAGRAM],[IMPULSIONAR][SEGUIDORES] - 02,6.27,1339,1374,1.026139,4.563319,0,60,2,0,0,0,0,0,0,524,353,296,264,2024-05-23
120208564282970115,[CONVERSÃO][VENDAS][ABERTO][PF],01 - [POS: ABERTO] [PF] [MÊS] - MVP,43.51,6540,10163,1.553976,4.281216,0,26,16,4,0,0,5,5,0,489,293,181,121,2024-05-24
120209569254710115,[IMPULSIONAR][SEGUDORES][INSTAGRAM],[IMPULSIONAR][SEGUIDORES] - 02,6.26,1413,1442,1.020524,4.341193,4,45,3,2,0,0,0,0,0,562,381,320,291,2024-05-24
120208564282970115,[CONVERSÃO][VENDAS][ABERTO][PF],01 - [POS: ABERTO] [PF] [MÊS] - MVP,53.59,8030,12593,1.568244,4.255539,0,40,28,0,0,0,11,11,0,567,350,177,101,2024-05-25
120209569254710115,[IMPULSIONAR][SEGUDORES][INSTAGRAM],[IMPULSIONAR][SEGUIDORES] - 02,6.55,1544,1557,1.00842,4.206808,0,49,7,0,0,0,0,0,0,621,424,346,316,2024-05-25
120208564282970115,[CONVERSÃO][VENDAS][ABERTO][PF],01 - [POS: ABERTO] [PF] [MÊS] - MVP,32.33,6580,9296,1.412766,3.47784,0,33,21,0,0,0,7,7,0,388,242,130,65,2024-05-26
120209569254710115,[IMPULSIONAR][SEGUDORES][INSTAGRAM],[IMPULSIONAR][SEGUIDORES] - 02,5.83,1493,1524,1.020764,3.825459,0,42,3,0,0,0,0,0,0,573,390,318,281,2024-05-26
120209569254710115,[IMPULSIONAR][SEGUDORES][INSTAGRAM],[IMPULSIONAR][SEGUIDORES] - 02,6.83,1772,1805,1.018623,3.783934,0,65,3,0,0,0,0,0,0,690,471,382,341,2024-05-27
120208564282970115,[CONVERSÃO][VENDAS][ABERTO][PF],01 - [POS: ABERTO] [PF] [MÊS] - MVP,38.87,5483,8079,1.473463,4.811239,0,38,30,1,0,0,7,7,0,363,238,110,59,2024-05-28
120209569254710115,[IMPULSIONAR][SEGUDORES][INSTAGRAM],[IMPULSIONAR][SEGUIDORES] - 02,3.32,885,898,1.014689,3.697105,4,35,2,1,0,0,0,0,0,304,228,193,176,2024-05-28
120208563645290115,[ALCANCE][BRANDING][ABERTO][PF],02 - dia 28 [BRANDING][POS: ABERTO] [PF] [MÊS],9.37,7175,7363,1.026202,1.272579,0,5,1,0,0,0,0,0,0,15,8,4,4,2024-05-28
120208564282970115,[CONVERSÃO][VENDAS][ABERTO][PF],03 - [DIA 28],7.44,1156,1562,1.351211,4.763124,0,17,16,1,0,0,2,2,0,4,6,2,2,2024-05-28
120208564282970115,[CONVERSÃO][VENDAS][ABERTO][PF],01 - [POS: ABERTO] [PF] [MÊS] - MVP,13.44,2354,3246,1.378929,4.140481,0,8,9,1,0,0,8,8,0,86,58,39,19,2024-05-29
120208564282970115,[CONVERSÃO][VENDAS][ABERTO][PF],03 - [DIA 28],0,0,0,0,0,0,0,0,0,0,0,1,1,0,0,0,0,0,2024-05-29
120208564282970115,[CONVERSÃO][VENDAS][ABERTO][PF],01 - [POS: ABERTO] [PF] [MÊS] - MVP,21.6,4103,6401,1.560078,3.374473,0,16,9,0,0,0,9,9,0,160,118,58,30,2024-05-30
120208564282970115,[CONVERSÃO][VENDAS][ABERTO][PF],01 - [POS: ABERTO] [PF] [MÊS] - MVP,23.81,3712,5958,1.605065,3.996307,0,20,16,0,0,0,8,8,0,238,138,77,50,2024-05-31
120208564282970115,[CONVERSÃO][VENDAS][ABERTO][PF],01 - [POS: ABERTO] [PF] [MÊS] - MVP,23.77,4309,6588,1.528893,3.608075,0,18,16,0,0,0,3,3,0,343,195,110,71,2024-06-01
120208564282970115,[CONVERSÃO][VENDAS][ABERTO][PF],01 - [POS: ABERTO] [PF] [MÊS] - MVP,21.55,4727,6903,1.460334,3.121831,0,21,20,0,0,0,6,6,0,221,131,69,41,2024-06-02
120208564282970115,[CONVERSÃO][VENDAS][ABERTO][PF],01 - [POS: ABERTO] [PF] [MÊS] - MVP,33.23,5517,6972,1.26373,4.766208,0,36,24,0,0,0,3,3,0,481,286,175,101,2024-06-04
120208564282970115,[CONVERSÃO][VENDAS][ABERTO][PF],02 -[VIDEO] [POS: ABERTO] [PF] [MÊS] - MVP — Cópia,44.39,6059,8923,1.472685,4.974784,0,22,16,0,0,0,3,3,0,711,396,280,213,2024-06-04
120208564282970115,[CONVERSÃO][VENDAS][ABERTO][PF],01 - [POS: ABERTO] [PF] [MÊS] - MVP,9.69,1663,1959,1.177992,4.946401,0,10,9,0,0,0,1,1,0,108,71,46,32,2024-06-05
120208564282970115,[CONVERSÃO][VENDAS][ABERTO][PF],02 -[VIDEO] [POS: ABERTO] [PF] [MÊS] - MVP — Cópia,22.28,3152,4333,1.374683,5.141934,0,17,14,0,0,0,4,4,0,331,191,134,100,2024-06-05
120208564282970115,[CONVERSÃO][VENDAS][ABERTO][PF],01 - [POS: ABERTO] [PF] [MÊS] - MVP,2.82,532,618,1.161654,4.563107,0,1,1,4,0,0,0,0,0,43,28,16,10,2024-06-06
120208564282970115,[CONVERSÃO][VENDAS][ABERTO][PF],02 -[VIDEO] [POS: ABERTO] [PF] [MÊS] - MVP — Cópia,11.78,1615,2247,1.391331,5.242546,0,8,6,1,0,0,8,8,0,215,106,73,50,2024-06-06
120209930472200115,Publicação do Instagram: QUINTA-FEIRA CHEGOU E...,Instagram Post,4.75,132,133,1.007576,35.714286,0,4,0,0,0,0,0,0,0,21,9,3,2,2024-06-06
120208564282970115,[CONVERSÃO][VENDAS][ABERTO][PF],01 - [POS: ABERTO] [PF] [MÊS] - MVP,2.91,427,504,1.180328,5.77381,0,1,1,0,0,0,0,0,0,21,13,8,6,2024-06-07
120208564282970115,[CONVERSÃO][VENDAS][ABERTO][PF],02 -[VIDEO] [POS: ABERTO] [PF] [MÊS] - MVP — Cópia,12.96,1715,2420,1.411079,5.355372,0,5,5,0,0,0,7,7,0,226,133,90,65,2024-06-07
120209930472200115,Publicação do Instagram: QUINTA-FEIRA CHEGOU E...,Instagram Post,0.56,85,85,1,6.588235,0,1,0,0,0,0,0,0,0,8,4,2,1,2024-06-07
120208564282970115,[CONVERSÃO][VENDAS][ABERTO][PF],01 - [POS: ABERTO] [PF] [MÊS] - MVP,3.01,507,628,1.238659,4.792994,0,4,1,0,0,0,2,2,0,37,28,18,13,2024-06-08
120208564282970115,[CONVERSÃO][VENDAS][ABERTO][PF],02 -[VIDEO] [POS: ABERTO] [PF] [MÊS] - MVP — Cópia,12.96,2017,3118,1.54586,4.156511,0,5,4,0,0,0,6,6,0,171,95,56,38,2024-06-08
120208564282970115,[CONVERSÃO][VENDAS][ABERTO][PF],01 - [POS: ABERTO] [PF] [MÊS] - MVP,2.76,530,659,1.243396,4.188164,0,1,1,0,0,0,0,0,0,25,17,8,5,2024-06-09
120208564282970115,[CONVERSÃO][VENDAS][ABERTO][PF],02 -[VIDEO] [POS: ABERTO] [PF] [MÊS] - MVP — Cópia,10.9,1913,2689,1.405646,4.053552,0,7,7,1,0,0,5,5,0,224,126,89,60,2024-06-09
120208564282970115,[CONVERSÃO][VENDAS][ABERTO][PF],02 -[VIDEO] [POS: ABERTO] [PF] [MÊS] - MVP — Cópia,4.73,898,1027,1.143653,4.605648,0,4,2,0,0,0,1,1,0,110,62,45,34,2024-06-11
120210023755250115,Publicação do Instagram: Estamos esperando vocês...,Instagram Post,5.85,887,966,1.089064,6.055901,0,33,1,0,0,0,0,0,0,40,20,10,4,2024-06-11
120210023849400115,Publicação do Instagram: Entregador apaixonado é...,Instagram Post,4.17,705,725,1.028369,5.751724,0,16,0,0,0,0,0,0,0,182,92,52,34,2024-06-11
120208564282970115,[CONVERSÃO][VENDAS][ABERTO][PF],05 - [POS: ABERTO] [PF] [MÊS] - MVP,24.89,4006,5680,1.417873,4.382042,0,24,15,0,0,0,2,2,0,397,218,142,102,2024-06-11
120208564282970115,[CONVERSÃO][VENDAS][ABERTO][PF],02 -[VIDEO] [POS: ABERTO] [PF] [MÊS] - MVP — Cópia,0,0,0,0,0,0,0,0,0,0,0,1,1,0,0,0,0,0,2024-06-12
120210023755250115,Publicação do Instagram: Estamos esperando vocês...,Instagram Post,8.11,1336,1471,1.101048,5.513256,0,72,1,0,0,0,0,0,0,60,34,17,5,2024-06-12
120210023849400115,Publicação do Instagram: Entregador apaixonado é...,Instagram Post,5.62,850,899,1.057647,6.25139,1,32,0,0,0,0,0,0,0,235,113,63,46,2024-06-12
120208564282970115,[CONVERSÃO][VENDAS][ABERTO][PF],05 - [POS: ABERTO] [PF] [MÊS] - MVP,23.58,4106,5762,1.403312,4.092329,0,21,13,0,0,0,3,3,0,167,75,53,44,2024-06-12
120208564282970115,[CONVERSÃO][VENDAS][ABERTO][PF],CASAL,28.48,4257,6774,1.591261,4.204311,0,36,31,1,0,0,2,2,0,0,0,0,0,2024-06-12
120208564282970115,[CONVERSÃO][VENDAS][ABERTO][PF],02 -[VIDEO] [POS: ABERTO] [PF] [MÊS] - MVP — Cópia,0,0,0,0,0,0,0,0,0,0,0,1,1,0,0,0,0,0,2024-06-13
120210023755250115,Publicação do Instagram: Estamos esperando vocês...,Instagram Post,0,3,3,1,0,0,0,0,0,0,0,0,0,0,0,0,0,0,2024-06-13
120210023849400115,Publicação do Instagram: Entregador apaixonado é...,Instagram Post,5.88,874,908,1.038902,6.475771,0,43,1,0,0,0,0,0,0,274,134,70,48,2024-06-13
120208564282970115,[CONVERSÃO][VENDAS][ABERTO][PF],05 - [POS: ABERTO] [PF] [MÊS] - MVP,21.15,2977,4279,1.437353,4.942744,0,11,5,0,0,0,4,4,0,190,107,70,55,2024-06-13
120208564282970115,[CONVERSÃO][VENDAS][ABERTO][PF],CASAL,15.73,1891,3632,1.920677,4.330947,0,10,8,0,0,0,0,0,0,1,0,0,0,2024-06-13
120210023849400115,Publicação do Instagram: Entregador apaixonado é...,Instagram Post,5.86,956,1009,1.055439,5.80773,0,28,1,0,0,0,0,0,0,303,148,83,53,2024-06-14
120208564282970115,[CONVERSÃO][VENDAS][ABERTO][PF],05 - [POS: ABERTO] [PF] [MÊS] - MVP,21.16,2949,4648,1.576128,4.552496,0,22,15,0,0,0,5,5,0,157,94,65,50,2024-06-14
120208564282970115,[CONVERSÃO][VENDAS][ABERTO][PF],CASAL,0,0,0,0,0,0,0,0,0,0,0,1,1,0,0,0,0,0,2024-06-14
120210023849400115,Publicação do Instagram: Entregador apaixonado é...,Instagram Post,5.27,900,930,1.033333,5.666667,0,33,1,0,0,0,0,0,0,302,170,104,73,2024-06-15
120208564282970115,[CONVERSÃO][VENDAS][ABERTO][PF],05 - [POS: ABERTO] [PF] [MÊS] - MVP,21.03,3611,5879,1.628081,3.577139,0,24,18,0,0,0,8,8,0,432,210,131,99,2024-06-15
120210023849400115,Publicação do Instagram: Entregador apaixonado é...,Instagram Post,0,0,0,0,0,1,0,0,0,0,0,0,0,0,0,0,0,0,2024-06-16
120208564282970115,[CONVERSÃO][VENDAS][ABERTO][PF],05 - [POS: ABERTO] [PF] [MÊS] - MVP,8.49,1941,2471,1.273055,3.435856,0,9,7,0,0,0,2,2,0,195,100,64,41,2024-06-16
120210145101770115,Publicação do Instagram: Quando o cliente pede...,Instagram Post,2.75,781,809,1.035851,3.399258,0,44,1,0,0,0,0,0,0,195,127,89,39,2024-06-17
120208564282970115,[CONVERSÃO][VENDAS][ABERTO][PF],02 -[VIDEO] [POS: ABERTO] [PF] [MÊS] - MVP — Cópia,1.83,319,368,1.153605,4.972826,0,3,2,0,0,0,2,2,0,41,21,17,13,2024-06-18
120208564282970115,[CONVERSÃO][VENDAS][ABERTO][PF],05 - [POS: ABERTO] [PF] [MÊS] - MVP,0,0,0,0,0,0,0,0,0,0,0,1,1,0,0,0,0,0,2024-06-18
120210145101770115,Publicação do Instagram: Quando o cliente pede...,Instagram Post,5.78,2213,2359,1.065974,2.450191,0,86,6,0,0,0,0,0,0,500,351,251,96,2024-06-18
120208564282970115,[CONVERSÃO][VENDAS][ABERTO][PF],01 - [FOTO][POS: ABERTO] [PF] [MÊS] - MVP — Cópia — Cópia,8.79,1676,2396,1.429594,3.668614,0,9,7,1,0,0,0,0,0,0,0,0,0,2024-06-18
120208564282970115,[CONVERSÃO][VENDAS][ABERTO][PF],02 -[VIDEO] [POS: ABERTO] [PF] [MÊS] - MVP — Cópia,3.09,373,498,1.335121,6.204819,0,0,0,0,0,0,1,1,0,10,6,6,6,2024-06-19
120210023849400115,Publicação do Instagram: Entregador apaixonado é...,Instagram Post,0,0,0,0,0,1,0,0,1,0,0,0,0,0,0,0,0,0,2024-06-19
120210145101770115,Publicação do Instagram: Quando o cliente pede...,Instagram Post,5.81,2139,2177,1.017765,2.66881,0,97,3,0,0,0,0,0,0,502,362,251,96,2024-06-19
120208564282970115,[CONVERSÃO][VENDAS][ABERTO][PF],01 - [FOTO][POS: ABERTO] [PF] [MÊS] - MVP — Cópia — Cópia,10.61,1912,2894,1.513598,3.666206,0,8,5,0,0,0,2,2,0,0,0,0,0,2024-06-19
120208564282970115,[CONVERSÃO][VENDAS][ABERTO][PF],02 -[VIDEO] [POS: ABERTO] [PF] [MÊS] - MVP — Cópia,18.05,2259,3407,1.508189,5.297916,0,7,6,0,0,0,2,2,0,2,1,1,1,2024-06-20
120210145101770115,Publicação do Instagram: Quando o cliente pede...,Instagram Post,5.77,2101,2131,1.014279,2.707649,0,91,5,0,0,0,0,0,0,537,405,289,109,2024-06-20
120208564282970115,[CONVERSÃO][VENDAS][ABERTO][PF],01 - [FOTO][POS: ABERTO] [PF] [MÊS] - MVP — Cópia — Cópia,11.46,1947,2953,1.516692,3.880799,0,2,2,0,0,0,2,2,0,0,0,0,0,2024-06-20
120210211051720115,Publicação do Instagram: QUINTA-FEIRA CHEGOU E...,Instagram Post,5.19,903,922,1.021041,5.629067,1,42,1,1,0,0,0,0,0,139,79,35,11,2024-06-20
120208564282970115,[CONVERSÃO][VENDAS][ABERTO][PF],02 -[VIDEO] [POS: ABERTO] [PF] [MÊS] - MVP — Cópia,21.93,2655,4126,1.554049,5.315075,0,7,4,0,0,0,1,1,0,31,19,8,6,2024-06-21
120210145101770115,Publicação do Instagram: Quando o cliente pede...,Instagram Post,5.94,1953,1973,1.010241,3.010644,0,94,3,0,0,0,0,0,0,520,390,288,111,2024-06-21
120208564282970115,[CONVERSÃO][VENDAS][ABERTO][PF],01 - [FOTO][POS: ABERTO] [PF] [MÊS] - MVP — Cópia — Cópia,10.5,1722,2534,1.471545,4.143646,0,7,6,0,0,0,4,4,0,0,0,0,0,2024-06-21
120210211051720115,Publicação do Instagram: QUINTA-FEIRA CHEGOU E...,Instagram Post,1.79,324,330,1.018519,5.424242,1,18,0,1,0,0,0,0,0,44,30,12,5,2024-06-21
120208564282970115,[CONVERSÃO][VENDAS][ABERTO][PF],02 -[VIDEO] [POS: ABERTO] [PF] [MÊS] - MVP — Cópia,31.82,4335,6962,1.605998,4.570526,0,14,5,1,0,0,2,2,0,233,120,90,57,2024-06-22
120208564282970115,[CONVERSÃO][VENDAS][ABERTO][PF],05 - [POS: ABERTO] [PF] [MÊS] - MVP,0,0,0,0,0,0,0,0,1,0,0,0,0,0,0,0,0,0,2024-06-22
120210145101770115,Publicação do Instagram: Quando o cliente pede...,Instagram Post,6.25,1885,1905,1.01061,3.28084,2,95,3,2,0,0,0,0,0,505,389,279,97,2024-06-22
120208564282970115,[CONVERSÃO][VENDAS][ABERTO][PF],01 - [FOTO][POS: ABERTO] [PF] [MÊS] - MVP — Cópia — Cópia,2.62,771,852,1.105058,3.075117,0,6,6,0,0,0,1,1,0,0,0,0,0,2024-06-22
120208564282970115,[CONVERSÃO][VENDAS][ABERTO][PF],02 -[VIDEO] [POS: ABERTO] [PF] [MÊS] - MVP — Cópia,3.28,786,901,1.14631,3.6404,0,3,3,4,0,0,6,6,0,30,21,13,9,2024-06-23
120210145101770115,Publicação do Instagram: Quando o cliente pede...,Instagram Post,0.02,9,9,1,2.222222,0,0,0,0,0,0,0,0,0,4,3,2,1,2024-06-23
120208564282970115,[CONVERSÃO][VENDAS][ABERTO][PF],01 - [FOTO][POS: ABERTO] [PF] [MÊS] - MVP — Cópia — Cópia,0,0,0,0,0,0,0,0,1,0,0,1,1,0,0,0,0,0,2024-06-23
120208564282970115,[CONVERSÃO][VENDAS][ABERTO][PF],02 -[VIDEO] [POS: ABERTO] [PF] [MÊS] - MVP — Cópia,19.2,4317,5060,1.17211,3.794466,0,13,10,0,0,0,1,1,0,437,230,174,130,2024-06-25
120208564282970115,[CONVERSÃO][VENDAS][ABERTO][PF],01 - [FOTO][POS: ABERTO] [PF] [MÊS] - MVP — Cópia — Cópia,0,0,0,0,0,0,0,0,0,0,0,1,1,0,0,0,0,0,2024-06-25
120208564282970115,[CONVERSÃO][VENDAS][ABERTO][PF],PQ,3.12,504,720,1.428571,4.333333,0,3,2,0,0,0,0,0,0,24,17,4,2,2024-06-25
120208564282970115,[CONVERSÃO][VENDAS][ABERTO][PF],02 -[VIDEO] [POS: ABERTO] [PF] [MÊS] - MVP — Cópia,24.33,4347,5615,1.291695,4.333037,0,18,14,0,0,0,0,0,0,467,238,163,128,2024-06-26
120208564282970115,[CONVERSÃO][VENDAS][ABERTO][PF],01 - [FOTO][POS: ABERTO] [PF] [MÊS] - MVP — Cópia — Cópia,0,0,0,0,0,0,0,0,0,0,0,1,1,0,0,0,0,0,2024-06-26
120208564282970115,[CONVERSÃO][VENDAS][ABERTO][PF],PQ,13.85,1778,3405,1.915073,4.067548,0,5,2,0,0,0,2,2,0,2,5,1,1,2024-06-26
120210321641650115,Publicação do Instagram: Hambúrguer não se bebe...,Instagram Post,4.09,729,766,1.050754,5.339426,0,36,3,0,0,0,0,0,0,301,224,180,142,2024-06-26
120208564282970115,[CONVERSÃO][VENDAS][ABERTO][PF],02 -[VIDEO] [POS: ABERTO] [PF] [MÊS] - MVP — Cópia,24.04,4292,5963,1.389329,4.031528,0,16,11,0,0,0,0,0,0,289,152,106,80,2024-06-27
120208564282970115,[CONVERSÃO][VENDAS][ABERTO][PF],PQ,17.81,1795,3178,1.770474,5.604154,0,4,0,1,0,0,5,5,0,4,3,2,2,2024-06-27
120210321641650115,Publicação do Instagram: Hambúrguer não se bebe...,Instagram Post,5.53,958,987,1.030271,5.602837,0,31,0,0,0,0,0,0,0,389,282,212,173,2024-06-27
120208564282970115,[CONVERSÃO][VENDAS][ABERTO][PF],02 -[VIDEO] [POS: ABERTO] [PF] [MÊS] - MVP — Cópia,0,0,0,0,0,0,0,0,0,0,0,4,4,0,0,0,0,0,2024-06-28
120208564282970115,[CONVERSÃO][VENDAS][ABERTO][PF],01 - [FOTO][POS: ABERTO] [PF] [MÊS] - MVP — Cópia — Cópia,38.81,5641,9109,1.614785,4.260621,0,22,22,0,0,0,3,3,0,0,0,0,0,2024-06-28
120208564282970115,[CONVERSÃO][VENDAS][ABERTO][PF],PQ,20.02,2566,3944,1.537023,5.076065,0,6,6,0,0,0,0,0,0,6,4,2,1,2024-06-28
120210321641650115,Publicação do Instagram: Hambúrguer não se bebe...,Instagram Post,5.79,1005,1027,1.021891,5.63778,0,37,0,0,0,0,0,0,0,380,274,214,167,2024-06-28
120208564282970115,[CONVERSÃO][VENDAS][ABERTO][PF],01 - [FOTO][POS: ABERTO] [PF] [MÊS] - MVP — Cópia — Cópia,17.17,2820,4116,1.459574,4.171526,0,8,5,2,0,0,3,3,0,0,0,0,0,2024-06-29
120208564282970115,[CONVERSÃO][VENDAS][ABERTO][PF],PQ,7.41,1372,1741,1.26895,4.256175,0,4,2,2,0,0,3,3,0,2,2,2,0,2024-06-29
120210321641650115,Publicação do Instagram: Hambúrguer não se bebe...,Instagram Post,6,1471,1489,1.012237,4.02955,0,53,1,0,0,0,0,0,0,531,391,313,254,2024-06-29
120208564282970115,[CONVERSÃO][VENDAS][ABERTO][PF],02 -[VIDEO] [POS: ABERTO] [PF] [MÊS] - MVP — Cópia,0,0,0,0,0,0,0,0,1,0,0,0,0,0,0,0,0,0,2024-06-30
120208564282970115,[CONVERSÃO][VENDAS][ABERTO][PF],01 - [FOTO][POS: ABERTO] [PF] [MÊS] - MVP — Cópia — Cópia,10.04,3414,3967,1.16198,2.53088,0,8,4,1,0,0,1,1,0,0,0,0,0,2024-06-30
120208564282970115,[CONVERSÃO][VENDAS][ABERTO][PF],PQ,2.67,586,758,1.293515,3.522427,0,1,1,1,0,0,3,3,0,1,1,1,1,2024-06-30
120210321641650115,Publicação do Instagram: Hambúrguer não se bebe...,Instagram Post,2.52,576,580,1.006944,4.344828,1,21,0,0,0,0,0,0,0,205,149,122,99,2024-06-30
120208564282970115,[CONVERSÃO][VENDAS][ABERTO][PF],01 - [FOTO][POS: ABERTO] [PF] [MÊS] - MVP — Cópia — Cópia,0,0,0,0,0,0,0,1,0,0,0,0,0,0,0,0,0,0,2024-07-01
120208564282970115,[CONVERSÃO][VENDAS][ABERTO][PF],PQ,0,0,0,0,0,0,0,0,0,0,0,0,0,0,0,0,0,0,2024-07-01
120208564282970115,[CONVERSÃO][VENDAS][ABERTO][PF],PQ — Cópia,10.55,2156,3022,1.40167,3.491066,0,7,6,0,0,0,0,0,0,126,80,47,31,2024-07-02
120208564282970115,[CONVERSÃO][VENDAS][ABERTO][PF],01 - [FOTO][POS: ABERTO] [PF] [MÊS] - MVP — Cópia — Cópia — Cópia,9.75,3633,4397,1.210295,2.217421,0,11,9,0,0,0,0,0,0,390,171,106,78,2024-07-02
120208564282970115,[CONVERSÃO][VENDAS][ABERTO][PF],PQ — Cópia,8.62,1349,2009,1.489251,4.290692,0,5,3,0,0,0,3,3,0,3,2,0,0,2024-07-03
120208564282970115,[CONVERSÃO][VENDAS][ABERTO][PF],01 - [FOTO][POS: ABERTO] [PF] [MÊS] - MVP — Cópia — Cópia — Cópia,10.8,3334,4275,1.282244,2.526316,0,13,12,0,0,0,1,1,0,214,95,53,39,2024-07-03
120208564282970115,[CONVERSÃO][VENDAS][ABERTO][PF],PQ — Cópia,12.96,1824,2880,1.578947,4.5,0,12,7,0,0,0,2,2,0,0,0,0,0,2024-07-04
120208564282970115,[CONVERSÃO][VENDAS][ABERTO][PF],01 - [FOTO][POS: ABERTO] [PF] [MÊS] - MVP — Cópia — Cópia — Cópia,13.23,3822,4744,1.241235,2.788786,0,6,4,0,0,0,1,1,0,444,208,126,97,2024-07-04
120210486210920115,Publicação do Instagram: Como conferir se seu...,Instagram Post,4.43,859,900,1.04773,4.922222,0,52,3,0,0,0,0,0,0,230,190,163,82,2024-07-04
120208564282970115,[CONVERSÃO][VENDAS][ABERTO][PF],PQ — Cópia,10.49,1558,2427,1.557766,4.322208,0,4,2,0,0,0,4,4,0,0,0,0,0,2024-07-05
120208564282970115,[CONVERSÃO][VENDAS][ABERTO][PF],01 - [FOTO][POS: ABERTO] [PF] [MÊS] - MVP — Cópia — Cópia — Cópia,10.9,2996,3917,1.30741,2.782742,0,8,6,0,0,0,1,1,0,333,162,86,66,2024-07-05
120210486210920115,Publicação do Instagram: Como conferir se seu...,Instagram Post,5.51,1164,1215,1.043814,4.534979,0,62,6,0,0,0,0,0,0,303,256,221,103,2024-07-05
120208564282970115,[CONVERSÃO][VENDAS][ABERTO][PF],PQ — Cópia,7.46,1234,2017,1.634522,3.698562,0,1,1,0,0,0,3,3,0,21,11,6,5,2024-07-06
120208564282970115,[CONVERSÃO][VENDAS][ABERTO][PF],01 - [FOTO][POS: ABERTO] [PF] [MÊS] - MVP — Cópia — Cópia — Cópia,11.47,3612,4725,1.30814,2.427513,0,9,5,0,0,0,1,1,0,461,230,114,84,2024-07-06
120210486210920115,Publicação do Instagram: Como conferir se seu...,Instagram Post,5.75,1278,1316,1.029734,4.369301,2,53,3,1,0,0,0,0,0,347,288,247,124,2024-07-06
120208564282970115,[CONVERSÃO][VENDAS][ABERTO][PF],PQ — Cópia,22.22,3826,6472,1.691584,3.433251,0,19,13,0,0,0,2,2,0,0,0,0,0,2024-07-07
120208564282970115,[CONVERSÃO][VENDAS][ABERTO][PF],01 - [FOTO][POS: ABERTO] [PF] [MÊS] - MVP — Cópia — Cópia — Cópia,5.94,2583,3165,1.225319,1.876777,0,8,5,0,0,0,1,1,0,198,99,51,41,2024-07-07
120210486210920115,Publicação do Instagram: Como conferir se seu...,Instagram Post,6.22,1479,1520,1.027721,4.092105,0,59,4,0,0,0,0,0,0,370,299,260,126,2024-07-07
120210551043410115,Publicação do Instagram: Já salva essa data 09/07...,Instagram Post,6.71,938,964,1.027719,6.960581,0,31,1,0,0,0,0,0,0,58,42,30,13,2024-07-07
120210486210920115,Publicação do Instagram: Como conferir se seu...,Instagram Post,6.08,1381,1425,1.031861,4.266667,1,70,2,1,0,0,0,0,0,382,327,289,149,2024-07-08
120210551043410115,Publicação do Instagram: Já salva essa data 09/07...,Instagram Post,16.12,2017,2208,1.094695,7.300725,0,101,4,0,0,0,0,0,0,189,139,105,40,2024-07-08
120208564282970115,[CONVERSÃO][VENDAS][ABERTO][PF],PQ — Cópia,19.94,3202,4794,1.497189,4.159366,0,15,8,2,0,0,8,8,0,76,31,21,13,2024-07-09
120208564282970115,[CONVERSÃO][VENDAS][ABERTO][PF],01 - [FOTO][POS: ABERTO] [PF] [MÊS] - MVP — Cópia — Cópia — Cópia,6.8,2963,3433,1.158623,1.980775,0,3,1,0,0,0,0,0,0,2,0,0,0,2024-07-09
120210486210920115,Publicação do Instagram: Como conferir se seu...,Instagram Post,5.91,1290,1324,1.026357,4.463746,2,66,4,1,0,0,0,0,0,358,303,252,118,2024-07-09
120210551043410115,Publicação do Instagram: Já salva essa data 09/07...,Instagram Post,7.13,797,820,1.028858,8.695122,7,45,2,1,0,0,0,0,0,94,66,42,16,2024-07-09
120210585699590115,Publicação do Instagram: Amanhã comemoramos 2...,Instagram Post,4.91,715,763,1.067133,6.435125,0,43,4,0,0,0,0,0,0,36,21,14,11,2024-07-09
120208564282970115,[CONVERSÃO][VENDAS][ABERTO][PF],PQ — Cópia — Cópia,23.93,4239,6090,1.43666,3.929392,0,21,20,0,0,0,4,4,0,1,1,1,0,2024-07-09
120208564282970115,[CONVERSÃO][VENDAS][ABERTO][PF],PQ — Cópia,21.9,2941,5190,1.764706,4.219653,0,13,8,0,0,0,2,2,0,154,70,45,29,2024-07-10
120210486210920115,Publicação do Instagram: Como conferir se seu...,Instagram Post,5.86,1212,1241,1.023927,4.721998,0,77,6,0,0,0,0,0,0,317,252,218,110,2024-07-10
120210585699590115,Publicação do Instagram: Amanhã comemoramos 2...,Instagram Post,2.84,464,480,1.034483,5.916667,0,21,0,0,0,0,0,0,0,28,15,9,4,2024-07-10
120208564282970115,[CONVERSÃO][VENDAS][ABERTO][PF],PQ — Cópia — Cópia,3.89,877,1088,1.240593,3.575368,0,4,4,0,0,0,0,0,0,0,0,0,0,2024-07-10
120208564282970115,[CONVERSÃO][VENDAS][ABERTO][PF],PQ — Cópia,24.28,3330,5643,1.694595,4.302676,0,11,9,0,0,0,4,4,0,279,129,79,60,2024-07-11
120210486210920115,Publicação do Instagram: Como conferir se seu...,Instagram Post,5.96,1126,1145,1.016874,5.20524,0,63,5,0,0,0,0,0,0,318,266,229,115,2024-07-11
120208564282970115,[CONVERSÃO][VENDAS][ABERTO][PF],PQ — Cópia — Cópia,0,0,0,0,0,0,0,0,0,0,0,1,1,0,0,0,0,0,2024-07-11
120210643423050115,"Publicação do Instagram: POR APENAS R$ 29,99 2...",Instagram Post,2.51,574,583,1.015679,4.305317,0,15,11,0,0,0,0,0,0,0,0,0,0,2024-07-11
120208564282970115,[CONVERSÃO][VENDAS][ABERTO][PF],PQ — Cópia — Cópia,14.59,2405,2597,1.079834,5.618021,0,10,9,0,0,0,0,0,0,294,133,81,63,2024-07-11
120208564282970115,[CONVERSÃO][VENDAS][ABERTO][PF],PQ — Cópia,16.03,2440,4108,1.683607,3.902142,0,19,11,1,0,0,6,6,0,208,88,49,37,2024-07-12
120210486210920115,Publicação do Instagram: Como conferir se seu...,Instagram Post,5.88,1074,1093,1.017691,5.379689,0,50,2,0,0,0,0,0,0,332,300,259,139,2024-07-12
120210643423050115,"Publicação do Instagram: POR APENAS R$ 29,99 2...",Instagram Post,0,0,0,0,0,0,0,1,0,0,0,0,0,0,0,0,0,0,2024-07-12
120208564282970115,[CONVERSÃO][VENDAS][ABERTO][PF],PQ — Cópia,6.57,1448,1934,1.335635,3.397104,0,4,2,16,0,0,4,4,0,124,55,33,23,2024-07-13
120210486210920115,Publicação do Instagram: Como conferir se seu...,Instagram Post,5.18,1096,1116,1.018248,4.641577,3,61,0,2,0,0,0,0,0,312,262,233,120,2024-07-13
120208564282970115,[CONVERSÃO][VENDAS][ABERTO][PF],PQ — Cópia — Cópia,0,0,0,0,0,0,0,0,2,0,0,0,0,0,0,0,0,0,2024-07-13
120208564282970115,[CONVERSÃO][VENDAS][ABERTO][PF],PQ — Cópia,16.48,2873,4921,1.712844,3.348913,0,20,17,0,0,0,6,6,0,169,64,40,23,2024-07-14
120210486210920115,Publicação do Instagram: Como conferir se seu...,Instagram Post,0.03,5,5,1,6,0,1,0,0,0,0,0,0,0,0,0,0,0,2024-07-14
120210700699970115,Publicação do Instagram: Domingão chegou e pra...,Instagram Post,3.49,475,491,1.033684,7.107943,0,26,1,0,0,0,0,0,0,44,25,10,7,2024-07-14
120208564282970115,[CONVERSÃO][VENDAS][ABERTO][PF],PQ — Cópia,0,0,0,0,0,0,0,0,1,0,0,0,0,0,0,0,0,0,2024-07-15
120210700699970115,Publicação do Instagram: Domingão chegou e pra...,Instagram Post,6.65,925,973,1.051892,6.834532,0,45,3,0,0,0,0,0,0,108,68,38,21,2024-07-15
120210700699970115,Publicação do Instagram: Domingão chegou e pra...,Instagram Post,1.24,127,131,1.031496,9.465649,0,12,0,0,0,0,0,0,0,22,15,8,6,2024-07-16
120208564282970115,[CONVERSÃO][VENDAS][ABERTO][PF],PQ — Cópia — Cópia,17.97,3212,4889,1.522105,3.675598,0,12,7,0,0,0,3,3,0,359,173,113,93,2024-07-16
120208564282970115,[CONVERSÃO][VENDAS][ABERTO][PF],PQ — Cópia — Cópia,30.48,3954,7161,1.811077,4.256389,0,14,14,0,0,0,4,4,0,418,212,113,82,2024-07-17
120208564282970115,[CONVERSÃO][VENDAS][ABERTO][PF],PQ — Cópia,0,0,0,0,0,0,0,0,0,0,0,0,0,0,0,0,0,0,2024-07-18
120208564282970115,[CONVERSÃO][VENDAS][ABERTO][PF],PQ — Cópia — Cópia,17.28,2144,3714,1.732276,4.652666,0,8,3,8,0,0,1,1,0,245,118,62,42,2024-07-18
120210785638310115,Nova campanha de Tráfego,Novo conjunto de anúncios de Tráfego,4.91,1463,1591,1.087491,3.086109,0,35,27,0,0,0,0,0,0,225,150,101,64,2024-07-18
120208564282970115,[CONVERSÃO][VENDAS][ABERTO][PF],PQ — Cópia — Cópia,25.33,2977,4918,1.651999,5.150468,0,15,13,0,0,0,1,1,0,412,203,117,94,2024-07-19
120210785638310115,Nova campanha de Tráfego,Novo conjunto de anúncios de Tráfego,1.74,503,521,1.035785,3.339731,0,14,9,0,0,0,0,0,0,66,43,29,21,2024-07-19
120208564282970115,[CONVERSÃO][VENDAS][ABERTO][PF],PQ — Cópia — Cópia — Cópia,28.4,5092,6855,1.346229,4.142961,0,18,13,0,0,0,3,3,0,201,111,49,32,2024-07-19
120210808424340115,Nova campanha de Reconhecimento,Novo conjunto de anúncios de Reconhecimento,2.57,2828,2841,1.004597,0.904611,0,2,0,0,0,0,0,0,0,26,12,7,7,2024-07-19
120208564282970115,[CONVERSÃO][VENDAS][ABERTO][PF],PQ — Cópia,20.01,3508,5867,1.672463,3.410602,0,14,7,1,0,0,6,6,0,190,89,51,35,2024-07-20
120208564282970115,[CONVERSÃO][VENDAS][ABERTO][PF],PQ — Cópia — Cópia,0,0,0,0,0,0,0,1,13,0,0,3,3,0,0,0,0,0,2024-07-20
120208564282970115,[CONVERSÃO][VENDAS][ABERTO][PF],PQ — Cópia — Cópia — Cópia,0,0,0,0,0,0,0,0,11,0,0,0,0,0,0,0,0,0,2024-07-20
120210808424340115,Nova campanha de Reconhecimento,Novo conjunto de anúncios de Reconhecimento,5.5,5948,6032,1.014122,0.911804,0,5,1,0,0,0,0,0,0,5,3,1,0,2024-07-20
120208564282970115,[CONVERSÃO][VENDAS][ABERTO][PF],PQ — Cópia,12.84,3045,4384,1.439737,2.928832,0,13,12,0,0,0,5,5,0,86,38,18,13,2024-07-21
120208564282970115,[CONVERSÃO][VENDAS][ABERTO][PF],PQ — Cópia — Cópia,0,0,0,0,0,0,0,0,0,0,0,1,1,0,0,0,0,0,2024-07-21
120210808424340115,Nova campanha de Reconhecimento,Novo conjunto de anúncios de Reconhecimento,5.08,5916,5916,1,0.858688,0,1,1,0,0,0,1,1,0,13,4,2,2,2024-07-21
120210808424340115,Nova campanha de Reconhecimento,Novo conjunto de anúncios de Reconhecimento,5.93,6217,6217,1,0.953836,0,3,2,0,0,0,0,0,0,13,1,0,0,2024-07-22
120208564282970115,[CONVERSÃO][VENDAS][ABERTO][PF],PQ — Cópia,21.28,4524,6464,1.428824,3.292079,0,13,9,0,0,0,2,2,0,12,6,3,3,2024-07-23
120210808424340115,Nova campanha de Reconhecimento,Novo conjunto de anúncios de Reconhecimento,6.13,6390,6467,1.01205,0.947889,0,1,1,0,0,0,1,1,0,27,11,9,5,2024-07-23
120208564282970115,[CONVERSÃO][VENDAS][ABERTO][PF],PQ — Cópia,22.01,4082,6062,1.485056,3.630815,0,15,12,0,0,0,4,4,0,127,59,34,27,2024-07-24
120210808424340115,Nova campanha de Reconhecimento,Novo conjunto de anúncios de Reconhecimento,6.13,5804,5843,1.00672,1.049119,0,5,3,0,0,0,0,0,0,15,3,0,0,2024-07-24
120210905552770115,Publicação do Instagram: Novidade na área!!!!!...,Instagram Post,2.79,525,535,1.019048,5.214953,0,25,2,0,0,0,0,0,0,60,43,32,19,2024-07-24
120208564282970115,[CONVERSÃO][VENDAS][ABERTO][PF],PQ — Cópia,29.28,4620,7095,1.535714,4.12685,0,23,21,14,0,0,1,1,0,3,2,1,0,2024-07-25
120208564282970115,[CONVERSÃO][VENDAS][ABERTO][PF],PQ — Cópia — Cópia,0,0,0,0,0,0,0,0,1,0,0,0,0,0,0,0,0,0,2024-07-25
120210808424340115,Nova campanha de Reconhecimento,Novo conjunto de anúncios de Reconhecimento,6.04,5565,5578,1.002336,1.082825,0,4,1,0,0,0,0,0,0,11,6,0,0,2024-07-25
120210905552770115,Publicação do Instagram: Novidade na área!!!!!...,Instagram Post,1.07,111,114,1.027027,9.385965,1,7,0,0,0,0,0,0,0,19,15,12,4,2024-07-25
120210923245290115,Publicação do Instagram: Nossa quinta-feira do...,Instagram Post,6.47,954,980,1.027254,6.602041,0,33,1,0,0,0,0,0,0,74,41,23,13,2024-07-25
120210808424340115,Nova campanha de Reconhecimento,Novo conjunto de anúncios de Reconhecimento,3.38,3007,3014,1.002328,1.121433,0,2,1,0,0,0,0,0,0,7,6,6,1,2024-07-26
120210923245290115,Publicação do Instagram: Nossa quinta-feira do...,Instagram Post,4.19,504,520,1.031746,8.057692,0,17,1,0,0,0,0,0,0,45,22,9,4,2024-07-26
